{
  "PSNR": 19.185962677001953,
  "SSIM": 0.7073932886123657,
  "FID": 0.0014534564863889982,
  "NIQE": 0.46201882253799753,
  "LSE-C": 84.12064273773677,
  "LSE-D": 15.09195055280413,
  "CSIM": 0.973357009484288,
  "LMD": 0.8439968881972757
}